topic_name,description,due_date
Self-Awareness,"Exploring the importance of understanding one's own emotions, strengths, weaknesses, and drives, and how these affect others.",2024-07-01 17:00:00
Effective Communication,"Techniques and skills for clear and effective communication, including listening, speaking, and non-verbal cues.",2024-07-05 17:00:00
Conflict Resolution,"Strategies for managing and resolving conflicts in a constructive manner, emphasizing negotiation and compromise.",2024-07-10 17:00:00
Team Collaboration,"Understanding the dynamics of working in teams, enhancing collaboration, and maximizing team strengths.",2024-07-15 17:00:00
Leadership Skills,"Developing leadership skills applicable at various levels, from self-leadership to organizational leadership.",2024-07-20 17:00:00
Time Management,"Techniques for effective time management to increase productivity and maintain work-life balance.",2024-07-25 17:00:00
Emotional Intelligence,"Building skills to recognize, understand, and manage personal emotions and those of others.",2024-07-30 17:00:00
Problem Solving,"Critical thinking and problem-solving techniques that help in making informed decisions.",2024-08-04 17:00:00
Adaptability and Flexibility,"Learning to adapt and remain flexible in a changing environment, focusing on adjustment strategies and innovation.",2024-08-09 17:00:00
Feedback and Critique,"Skills for giving and receiving feedback effectively, fostering a culture of open communication and continuous improvement.",2024-08-14 17:00:00
